gas_label,conc_label,TGS2603_mean,TGS2603_std,TGS2603_max,TGS2603_min,TGS2603_range,TGS2630_mean,TGS2630_std,TGS2630_max,TGS2630_min,TGS2630_range,TGS813_mean,TGS813_std,TGS813_max,TGS813_min,TGS813_range,TGS822_mean,TGS822_std,TGS822_max,TGS822_min,TGS822_range,MQ135_mean,MQ135_std,MQ135_max,MQ135_min,MQ135_range,MQ137_mean,MQ137_std,MQ137_max,MQ137_min,MQ137_range,MQ138_mean,MQ138_std,MQ138_max,MQ138_min,MQ138_range,S2M012_mean,S2M012_std,S2M012_max,S2M012_min,S2M012_range,VOCSP_mean,VOCSP_std,VOCSP_max,VOCSP_min,VOCSP_range,S2SH12_mean,S2SH12_std,S2SH12_max,S2SH12_min,S2SH12_range
ethanol,100ppb,0.3416622222222209,0.011134945769241547,0.3585,0.3245,0.033999999999999975,0.4387155555555568,0.028232402232230818,0.505,0.388,0.11699999999999999,1.4425788888888873,0.015047568976375053,1.4745,1.405,0.0694999999999999,0.9203850000000008,0.013427887543798145,0.9485,0.884,0.0645,1.0085444444444422,0.015280569441913326,1.0435,0.979,0.06450000000000011,1.027834444444445,0.1331611360229162,1.15,0.835,0.31499999999999995,0.7231350000000044,0.005089023864051809,0.7335,0.713,0.020500000000000074,0.8746316666666718,0.0031900274293491467,0.8815,0.868,0.013499999999999956,1.140651111111113,0.0027579075983411305,1.1475,1.1355,0.01200000000000001,3.938801111111087,0.011621646416583904,3.9715,3.924,0.047499999999999876
ethanol,100ppb,0.33924611111111,0.010907043411835026,0.355,0.322,0.032999999999999974,0.4402422222222243,0.030001818381105466,0.5075,0.3855,0.12199999999999994,1.4740172222222245,0.016596803007257993,1.5125,1.4355,0.07699999999999996,0.9200538888888893,0.01245773460719123,0.9495,0.891,0.058499999999999996,1.0173849999999973,0.01586097052866286,1.0545,0.985,0.0695,1.0359338888888896,0.12343046767935098,1.1475,0.863,0.2845,0.7356300000000058,0.004575270483807487,0.747,0.7275,0.019499999999999962,0.8717005555555614,0.0029482668585349894,0.879,0.8655,0.013499999999999956,1.1366072222222219,0.002429312444009054,1.1425,1.1305,0.01200000000000001,3.9087599999999756,0.009278808592103305,3.9365,3.8925,0.04400000000000004
ethanol,100ppb,0.34166555555555334,0.01039820135206198,0.3565,0.3245,0.03199999999999997,0.4553661111111143,0.028469147362420424,0.52,0.405,0.11499999999999999,1.5027666666666666,0.015555313490180057,1.542,1.4615,0.08050000000000002,0.9477211111111129,0.012477735678171757,0.9715,0.913,0.058499999999999996,1.0504044444444463,0.014070606960856881,1.0805,1.023,0.05750000000000011,1.0862488888888902,0.11436700305444024,1.194,0.9255,0.26849999999999996,0.7299255555555543,0.0021597356376860935,0.735,0.725,0.010000000000000009,0.8782138888888936,0.003006581001900262,0.885,0.8715,0.013499999999999956,1.141794999999997,0.0024714879683659847,1.1475,1.1355,0.01200000000000001,3.8852294444444584,0.007271089611317016,3.9045,3.874,0.03049999999999997
ethanol,100ppb,0.334157222222221,0.010924641008877117,0.349,0.316,0.032999999999999974,0.35794555555555707,0.012438507959032416,0.376,0.3355,0.04049999999999998,1.344045555555554,0.02866012778567742,1.3845,1.2915,0.09299999999999997,0.8532527777777821,0.023478068798480314,0.88,0.813,0.06700000000000006,0.9278427777777781,0.02438491116005863,0.958,0.8885,0.0695,0.9522855555555539,0.11478291642256333,1.0765,0.7945,0.28200000000000003,0.7261161111111165,0.0037215761877177293,0.735,0.719,0.016000000000000014,0.8586088888888893,0.0055341193105326696,0.868,0.8495,0.01849999999999996,1.1266050000000007,0.004468137506587931,1.133,1.1195,0.013500000000000068,3.9515527777777657,0.010259236654273888,3.9705,3.9375,0.03299999999999992
ethanol,100ppb,0.3337399999999989,0.01097475183217269,0.35,0.317,0.032999999999999974,0.3967005555555557,0.029212336620038977,0.4685,0.349,0.11950000000000005,1.3733172222222212,0.015002302899353498,1.4065,1.338,0.0685,0.8706038888888922,0.012827835895638504,0.897,0.841,0.05600000000000005,0.9591538888888912,0.014741982242293537,0.996,0.924,0.07199999999999995,0.8724399999999992,0.13975119860348648,1.001,0.676,0.32499999999999984,0.728046111111117,0.004841296473385001,0.737,0.7175,0.019499999999999962,0.8586816666666667,0.0031071686826147963,0.864,0.852,0.01200000000000001,1.124854444444446,0.002499095885898227,1.1305,1.1195,0.01100000000000012,3.9491677777777827,0.012306126096630654,3.973,3.934,0.0389999999999997
ethanol,200ppb,0.33207611111111124,0.008180704695867439,0.344,0.31,0.033999999999999975,0.3850961111111103,0.01596022613279263,0.4125,0.3515,0.061,1.353861111111109,0.04191262921428722,1.4075,1.266,0.14149999999999996,0.8842555555555528,0.0373912381629444,0.9275,0.8115,0.11599999999999999,0.9693755555555545,0.03759629949612685,1.0155,0.886,0.12950000000000006,1.0587277777777766,0.2621651023592988,1.3015,0.7115,0.5900000000000001,0.6994377777777703,0.006195250470728495,0.7155,0.6895,0.026000000000000023,0.903543888888886,0.010806531789662531,0.918,0.885,0.03300000000000003,1.1585433333333406,0.009215434516794758,1.1705,1.1425,0.028000000000000025,3.8954905555555763,0.026170311205261757,3.935,3.8665,0.06850000000000023
ethanol,200ppb,0.33486388888888735,0.007942367152660106,0.3465,0.3135,0.032999999999999974,0.4270894444444454,0.02033240570895584,0.4745,0.3905,0.08399999999999996,1.3783194444444433,0.04239528157344105,1.4345,1.295,0.13950000000000018,0.9119661111111121,0.03253557397319787,0.952,0.8485,0.10349999999999993,0.9988677777777767,0.03261541499140751,1.0415,0.923,0.11850000000000005,1.087496111111112,0.2538110654193807,1.321,0.7545,0.5665,0.6890227777777713,0.0028595421264320164,0.6945,0.6825,0.01200000000000001,0.9124599999999944,0.008970510947915216,0.924,0.8945,0.02950000000000008,1.1660677777777675,0.00765690433207942,1.177,1.151,0.026000000000000023,3.8956061111111313,0.025262370267716598,3.941,3.868,0.07299999999999995
ethanol,200ppb,0.3397399999999977,0.008034070505596059,0.3515,0.3185,0.032999999999999974,0.446856111111113,0.022218251166024394,0.498,0.404,0.09399999999999997,1.4246583333333322,0.0358418933574168,1.481,1.3475,0.13350000000000017,0.9443605555555574,0.029790793688323332,0.985,0.8825,0.10250000000000004,1.031361666666667,0.030007231119255875,1.073,0.968,0.10499999999999998,1.19814388888889,0.2243404063183867,1.41,0.8995,0.5105,0.675935,0.0025292615303461365,0.6825,0.67,0.012499999999999956,0.9240355555555612,0.008288235452349317,0.9375,0.908,0.02949999999999997,1.1768794444444477,0.006940834861905824,1.188,1.1635,0.024499999999999966,3.889833333333334,0.023116300165323494,3.941,3.863,0.07799999999999985
ethanol,200ppb,0.3378955555555534,0.008218183242205614,0.349,0.317,0.03199999999999997,0.44079888888889124,0.02087748917664641,0.4905,0.4015,0.08899999999999997,1.4056161111111132,0.03895658005165492,1.4565,1.321,0.13549999999999995,0.9297922222222228,0.03185870970316618,0.9715,0.8655,0.10599999999999998,1.0151038888888901,0.0324613708273027,1.056,0.9435,0.11250000000000004,1.1650205555555584,0.24322786383170777,1.389,0.8435,0.5455,0.6791222222222215,0.0026027881536612777,0.686,0.6725,0.013500000000000068,0.9207844444444497,0.008473532794808286,0.935,0.9035,0.031500000000000083,1.1738577777777879,0.007140556744210069,1.1865,1.1595,0.027000000000000135,3.897673888888877,0.025244780239110583,3.951,3.8705,0.08050000000000024
ethanol,200ppb,0.34158111111110895,0.00794768162484358,0.354,0.321,0.032999999999999974,0.4619599999999989,0.021860544366506526,0.51,0.42,0.09000000000000002,1.4434288888888884,0.035235634565165354,1.492,1.3685,0.12349999999999994,0.9570211111111121,0.028865196246015502,0.9975,0.8945,0.10300000000000009,1.0438116666666644,0.02974046677321809,1.085,0.978,0.10699999999999998,1.246638888888887,0.21442186776666003,1.4515,0.958,0.49350000000000005,0.6685311111111137,0.0018704214881170172,0.6735,0.664,0.009499999999999953,0.9292283333333271,0.007802302188741744,0.9425,0.913,0.02949999999999997,1.1812188888888915,0.006549798884858907,1.1915,1.167,0.024499999999999966,3.8832733333333085,0.021755631710228717,3.9275,3.858,0.06950000000000012
ethanol,50ppb,0.34391555555555486,0.008075138954581663,0.3585,0.3295,0.02899999999999997,0.33877888888888624,0.01025551336213785,0.3515,0.3195,0.03199999999999997,1.3312883333333347,0.031166335604302455,1.3845,1.267,0.11750000000000016,0.8288838888888845,0.01790808682594074,0.851,0.792,0.05899999999999994,0.9116122222222156,0.020059970243568245,0.934,0.8775,0.056500000000000106,1.1897883333333326,0.05599489984215842,1.25,1.112,0.1379999999999999,0.6599894444444432,0.002896578388033821,0.6715,0.654,0.01749999999999996,0.8830822222222254,0.002650244340004982,0.89,0.8775,0.012500000000000067,1.1531538888888837,0.0019626898744350405,1.1595,1.1485,0.010999999999999899,3.9286705555555312,0.007034839469243424,3.956,3.918,0.03799999999999981
ethanol,50ppb,0.3469883333333321,0.010990785408190276,0.365,0.3295,0.035499999999999976,0.4362788888888894,0.030069318044384067,0.5075,0.389,0.11849999999999994,1.4880788888888956,0.013187742578659465,1.5345,1.444,0.09050000000000002,0.9493755555555579,0.02017516521265749,0.9975,0.9095,0.08800000000000008,1.039548333333334,0.022256226282398654,1.0915,0.9985,0.09299999999999986,1.1811444444444403,0.05708096805048298,1.2355,1.094,0.14149999999999996,0.6818688888888922,0.00586865770086112,0.692,0.6725,0.019499999999999962,0.8904455555555566,0.0041565653853234625,0.902,0.8825,0.019500000000000073,1.1594305555555466,0.003736963967093893,1.1695,1.1525,0.016999999999999904,3.904836666666662,0.01011360414930749,3.946,3.8885,0.05750000000000011
ethanol,50ppb,0.3489249999999996,0.010987477088839704,0.365,0.3305,0.034499999999999975,0.4510011111111149,0.02858988746798595,0.514,0.4065,0.10750000000000004,1.522874444444444,0.01774892210255228,1.5665,1.4785,0.08800000000000008,0.9483166666666685,0.01674600283981558,0.989,0.9045,0.08450000000000002,1.0505377777777793,0.018447695295846438,1.095,1.0155,0.0794999999999999,1.255191111111109,0.03772585510243445,1.304,1.199,0.10499999999999998,0.7134266666666661,0.010860384687273062,0.7435,0.697,0.0465000000000001,0.8887572222222245,0.0037395339958573802,0.8985,0.8815,0.017000000000000015,1.1558466666666638,0.003619290906609559,1.166,1.1485,0.01749999999999985,3.8991449999999994,0.004505839112874731,3.9265,3.8925,0.03399999999999981
ethanol,50ppb,0.33937055555555445,0.01117900660077835,0.36,0.3245,0.035499999999999976,0.424716111111108,0.03341713160755341,0.503,0.3745,0.1285,1.4403638888888923,0.01764960107792459,1.4855,1.3965,0.08899999999999997,0.8963355555555564,0.01621702336785578,0.94,0.8665,0.0734999999999999,0.9922922222222194,0.020250532107015946,1.0475,0.957,0.09050000000000014,0.9879011111111116,0.07490514890245359,1.0525,0.869,0.1835,0.7129244444444507,0.00166745388815876,0.7175,0.709,0.008500000000000063,0.8727744444444517,0.003345596147213049,0.884,0.8665,0.01749999999999996,1.1405211111111144,0.0028302137510342034,1.15,1.1355,0.014499999999999957,3.92724444444441,0.005019431377957601,3.946,3.918,0.028000000000000025
ethanol,50ppb,0.33860111111110874,0.010788100383132465,0.3525,0.321,0.03149999999999997,0.37063833333333623,0.007850585788476049,0.3905,0.3565,0.03400000000000003,1.3963438888888895,0.01086688733870468,1.4235,1.3585,0.06499999999999995,0.8685783333333398,0.007371847913967471,0.884,0.847,0.03700000000000003,0.9516772222222221,0.00732150432747835,0.9645,0.934,0.03049999999999997,1.0561044444444532,0.0659420130975541,1.117,0.958,0.15900000000000003,0.6986444444444392,0.0016662406863029795,0.7045,0.6955,0.009000000000000008,0.8672561111111267,0.0025320646799025593,0.873,0.862,0.01100000000000001,1.1353655555555495,0.002071427908532425,1.1415,1.1305,0.010999999999999899,3.9267016666666335,0.005625156541031699,3.952,3.918,0.03399999999999981
acetone,100ppb,0.3417094444444421,0.009348040182140468,0.3575,0.317,0.04049999999999998,0.42993499999999857,0.030252638957434522,0.504,0.3785,0.1255,1.4173061111111136,0.01675242657013173,1.448,1.3735,0.07450000000000001,0.9105722222222203,0.014096209323217064,0.9365,0.88,0.056499999999999995,1.001101666666664,0.016126494676635572,1.0325,0.967,0.0655,0.9538811111111086,0.14308619305582856,1.0805,0.7555,0.32500000000000007,0.7302533333333369,0.004286184524466698,0.7385,0.719,0.019500000000000073,0.8739600000000066,0.003660534265802043,0.8825,0.8665,0.015999999999999903,1.1352344444444438,0.0031972266145350588,1.145,1.129,0.016000000000000014,3.93481722222221,0.0164638217196762,4.039,3.9155,0.1234999999999995
acetone,100ppb,0.3394261111111088,0.008984451778791622,0.354,0.3195,0.034499999999999975,0.41703277777777514,0.028544970038628083,0.4835,0.3685,0.11499999999999999,1.40045833333333,0.01672291134608113,1.437,1.3525,0.08450000000000002,0.897991111111109,0.014513113950603803,0.923,0.864,0.05900000000000005,0.9868266666666652,0.01577908108858057,1.0155,0.951,0.06450000000000011,0.9384611111111123,0.14295514696298878,1.068,0.737,0.33100000000000007,0.7292916666666722,0.0074992360722054225,0.7445,0.7155,0.029000000000000026,0.869191111111117,0.003405735177427242,0.8765,0.862,0.014499999999999957,1.1300827777777782,0.002825102368952612,1.1365,1.1245,0.01200000000000001,3.938232222222187,0.016527585208962282,3.99,3.919,0.07100000000000017
acetone,100ppb,0.3357338888888877,0.009295190894512695,0.3515,0.317,0.034499999999999975,0.405394999999998,0.027909055231033705,0.47,0.3585,0.11149999999999999,1.377812222222222,0.016348233528616266,1.415,1.328,0.08699999999999997,0.8823450000000025,0.01417457142209248,0.907,0.8495,0.057499999999999996,0.9712344444444433,0.01597065128506462,0.995,0.934,0.06099999999999994,0.9202900000000023,0.15017735185809794,1.0525,0.708,0.34450000000000003,0.7227511111111179,0.006114713483692773,0.737,0.713,0.02400000000000002,0.8635533333333347,0.003215922193641425,0.8705,0.8545,0.016000000000000014,1.1242438888888902,0.002518865791689399,1.129,1.118,0.010999999999999899,3.9411794444444195,0.0170165367191324,3.9975,3.9215,0.07600000000000007
acetone,100ppb,0.3369949999999999,0.00763655154139906,0.3465,0.311,0.035499999999999976,0.4185427777777752,0.029602892183320233,0.4905,0.3675,0.123,1.37104388888889,0.021003452530712095,1.4125,1.326,0.08650000000000002,0.8986794444444438,0.01920278538020004,0.94,0.858,0.08199999999999996,0.9801327777777759,0.021253780919993085,1.0205,0.934,0.08649999999999991,0.9969983333333303,0.1034661928012127,1.094,0.8595,0.23450000000000004,0.6582666666666666,0.0016282232989093181,0.664,0.654,0.010000000000000009,0.9069227777777765,0.004060293237296967,0.9145,0.897,0.01749999999999996,1.163936666666664,0.003170417077364492,1.172,1.1575,0.014499999999999957,3.903395555555548,0.008378821332000182,3.9315,3.8925,0.039000000000000146
acetone,100ppb,0.3282033333333325,0.01012429915269861,0.344,0.3085,0.035499999999999976,0.4057183333333306,0.0280220121313386,0.4725,0.3585,0.11399999999999999,1.3431716666666695,0.015613837434930727,1.3845,1.3015,0.08299999999999996,0.8772600000000034,0.017224309694279315,0.908,0.8335,0.07450000000000001,0.9594838888888891,0.01849521008227958,0.9925,0.9165,0.07600000000000007,0.9813394444444449,0.1088233688635052,1.0815,0.8325,0.2489999999999999,0.6607544444444446,0.0026504155276363467,0.6665,0.654,0.012499999999999956,0.8981811111111094,0.004227486630360461,0.907,0.8885,0.018500000000000072,1.154928333333333,0.0031399977883927255,1.162,1.1475,0.014499999999999957,3.9136494444444345,0.010630362684427559,3.956,3.8995,0.05649999999999977
acetone,200ppb,0.3226466666666655,0.008851530941029362,0.3355,0.304,0.03150000000000003,0.3202922222222212,0.019392084454905104,0.3465,0.282,0.0645,1.2604611111111108,0.059378967833633445,1.332,1.1575,0.1745000000000001,0.8313161111111157,0.05021827706665366,0.8875,0.753,0.13449999999999995,0.9024894444444491,0.05698555518454976,0.962,0.808,0.15399999999999991,1.0455666666666676,0.17233290457715836,1.2085,0.8165,0.3919999999999999,0.6391338888888949,0.005704298222382527,0.6505,0.6275,0.02300000000000002,0.8873255555555581,0.012575267270065514,0.9035,0.8665,0.03699999999999992,1.1440694444444421,0.00847397386263914,1.156,1.129,0.026999999999999913,3.9000622222222376,0.030918450362841795,3.98,3.868,0.1120000000000001
acetone,200ppb,0.3308855555555552,0.008562496535098869,0.3455,0.3085,0.03699999999999998,0.3999161111111083,0.018364622281528402,0.443,0.365,0.07800000000000001,1.3601211111111091,0.040568355194780435,1.4185,1.2755,0.14300000000000002,0.9005894444444449,0.03508307679593036,0.945,0.8275,0.11749999999999994,0.9844205555555536,0.040003896611902706,1.0325,0.896,0.13649999999999995,1.082841666666665,0.16630227394550134,1.2355,0.862,0.37350000000000005,0.6412716666666639,0.0013183860082186518,0.6455,0.6385,0.007000000000000006,0.9081749999999952,0.009581474457398417,0.9215,0.8885,0.03300000000000003,1.1627050000000039,0.006475245812579876,1.173,1.1485,0.024499999999999966,3.885816111111105,0.028193514155424086,3.951,3.8555,0.09549999999999992
acetone,200ppb,0.3199705555555559,0.008737242745996543,0.333,0.299,0.03400000000000003,0.3445405555555554,0.014311699554413589,0.3675,0.31,0.057499999999999996,1.285134444444446,0.05062342159100121,1.3465,1.189,0.15749999999999997,0.8447383333333385,0.04366853847769326,0.891,0.7655,0.12550000000000006,0.921657777777779,0.04863583607400286,0.9755,0.829,0.14650000000000007,1.0103250000000001,0.1838818889864419,1.178,0.7655,0.4125,0.6368600000000019,0.0027420308775309736,0.6445,0.63,0.014499999999999957,0.8857127777777767,0.011326370559968806,0.902,0.8655,0.03649999999999998,1.1407144444444428,0.007853315805174416,1.1525,1.1255,0.027000000000000135,3.8960244444444325,0.03236633131000701,3.974,3.8605,0.11350000000000016
acetone,200ppb,0.3228733333333316,0.00880404326305691,0.3355,0.304,0.03150000000000003,0.37458611111111445,0.018631680796991686,0.42,0.3405,0.07949999999999996,1.3014544444444471,0.04861173420553039,1.3675,1.211,0.15649999999999986,0.8620177777777782,0.041138704613586805,0.9105,0.786,0.12449999999999994,0.9456849999999959,0.0451445203700786,0.9985,0.8555,0.14300000000000002,0.9760161111111094,0.19482868405170967,1.1525,0.7175,0.43500000000000005,0.6537905555555561,0.002478523243614191,0.6605,0.647,0.013499999999999956,0.8926694444444444,0.010588694690419205,0.907,0.873,0.03400000000000003,1.1465594444444405,0.007461238333489681,1.1585,1.1315,0.027000000000000135,3.8972222222222115,0.03247442678572971,3.9425,3.862,0.0804999999999998
acetone,200ppb,0.32434222222222026,0.008605947268898502,0.338,0.305,0.03300000000000003,0.3786377777777802,0.018382930353865307,0.4245,0.3405,0.08399999999999996,1.3181127777777792,0.045508971069883525,1.387,1.2315,0.15549999999999997,0.867366666666668,0.038336854910705105,0.912,0.791,0.121,0.9514777777777746,0.04347607331184909,1.002,0.8655,0.13649999999999995,1.0003494444444427,0.18499127862242068,1.168,0.758,0.4099999999999999,0.6585672222222264,0.003635730563228683,0.669,0.652,0.017000000000000015,0.8951627777777791,0.01011791058006407,0.9095,0.8765,0.03300000000000003,1.148890555555551,0.0071544057694249074,1.1595,1.134,0.025500000000000078,3.897692222222224,0.03143866595903783,3.9425,3.863,0.0794999999999999
acetone,50ppb,0.3372116666666654,0.009457179959045787,0.3525,0.3195,0.032999999999999974,0.45601000000000286,0.03911767730550694,0.5405,0.3915,0.14899999999999997,1.5490900000000007,0.029086121356336866,1.6115,1.47,0.14149999999999996,0.9611916666666674,0.023210813751353036,1.012,0.9155,0.09650000000000003,1.058945555555557,0.027104311510701338,1.1195,1.0045,0.11499999999999999,1.2086794444444418,0.040854263611609924,1.261,1.1485,0.11249999999999982,0.7198238888888895,0.002812933697699651,0.726,0.713,0.013000000000000012,0.8772272222222279,0.005181889729899618,0.891,0.868,0.02300000000000002,1.1351350000000018,0.0042432753989237225,1.1465,1.1265,0.020000000000000018,3.8681066666666655,0.004754268257751849,3.886,3.8595,0.026499999999999968
acetone,50ppb,0.3346927777777772,0.009139705991840438,0.349,0.317,0.03199999999999997,0.39810000000000123,0.03583448060178921,0.481,0.3405,0.14049999999999996,1.419673888888887,0.020108083957257054,1.4735,1.3695,0.10400000000000009,0.8718527777777787,0.01727976475712937,0.9165,0.8335,0.08299999999999996,0.9655516666666675,0.020800703714057428,1.0155,0.923,0.09250000000000003,0.8775311111111153,0.08736525897943216,0.9535,0.7505,0.20300000000000007,0.7172149999999997,0.00202968183056688,0.7215,0.7115,0.010000000000000009,0.8618361111111066,0.0037126774389154822,0.873,0.8545,0.01849999999999996,1.1240883333333327,0.0028969768725345107,1.133,1.118,0.014999999999999902,3.9155455555555703,0.007486441984029954,3.9315,3.9045,0.027000000000000135
acetone,50ppb,0.3414827777777762,0.010055373525055908,0.36,0.322,0.03799999999999998,0.39984944444444404,0.0283391925259823,0.4635,0.354,0.10950000000000004,1.3770711111111105,0.01940541015309586,1.432,1.3295,0.10250000000000004,0.8770600000000027,0.012978304974071117,0.9105,0.8495,0.06099999999999994,0.9586483333333362,0.014860366658404563,0.996,0.929,0.06699999999999995,0.9216038888888863,0.07116630395215036,0.989,0.8225,0.16649999999999998,0.7231544444444461,0.011750935292431578,0.7495,0.7045,0.04500000000000004,0.8693822222222294,0.004263347088270153,0.8815,0.862,0.019499999999999962,1.1338038888888913,0.004294264442109426,1.145,1.1255,0.019500000000000073,3.951931666666633,0.00854553473393503,3.967,3.94,0.027000000000000135
acetone,50ppb,0.34096333333333173,0.007627092791125844,0.354,0.315,0.03899999999999998,0.4288833333333307,0.03642964680952409,0.51,0.372,0.138,1.354992777777779,0.022792084470407138,1.411,1.3015,0.10949999999999993,0.8907544444444463,0.01744797766766562,0.934,0.8555,0.07850000000000001,0.9735972222222228,0.02093968170870145,1.0305,0.9325,0.09799999999999998,0.9723772222222195,0.053677226528943404,1.0265,0.8985,0.128,0.6310188888888918,0.003168802593495408,0.637,0.6235,0.013499999999999956,0.9130144444444416,0.005491186091488588,0.9275,0.9035,0.02400000000000002,1.1726094444444506,0.00530727694587791,1.188,1.1635,0.024499999999999966,3.9228227777777556,0.007556967576390518,3.984,3.912,0.07200000000000006
acetone,50ppb,0.33956555555555445,0.007313885745030342,0.3515,0.317,0.034499999999999975,0.4182749999999984,0.03906122953489526,0.504,0.36,0.14400000000000002,1.3363055555555567,0.025007964780628087,1.4,1.2805,0.11949999999999994,0.8766633333333329,0.01845002228243153,0.9205,0.8335,0.08699999999999997,0.9608405555555571,0.0222614357558891,1.018,0.919,0.09899999999999998,0.9299738888888879,0.05854769789941364,0.9865,0.851,0.13550000000000006,0.6627222222222218,0.0033558498767170407,0.669,0.6495,0.019500000000000073,0.9079333333333321,0.005964245318749229,0.923,0.897,0.026000000000000023,1.1671266666666695,0.005412337757383594,1.1805,1.1575,0.02300000000000013,3.929302222222199,0.00819707234698636,3.9825,3.918,0.06449999999999978
toluene,100ppb,0.3407777777777757,0.009204501046019432,0.354,0.3235,0.03049999999999997,0.4217188888888869,0.02306005152950033,0.4835,0.383,0.10049999999999998,1.3991127777777776,0.02838604514458859,1.4735,1.3455,0.1280000000000001,0.8726333333333303,0.02326325189841024,0.929,0.8335,0.09550000000000003,0.9632355555555594,0.026757232920843005,1.0255,0.9215,0.10400000000000009,0.9045677777777796,0.019032585086154942,0.93,0.8705,0.0595,0.7124477777777759,0.0023789693276140525,0.7165,0.7065,0.010000000000000009,0.8699350000000058,0.003515591857868459,0.88,0.864,0.016000000000000014,1.1364066666666672,0.002495253271491488,1.144,1.1315,0.012499999999999956,3.9037811111111296,0.020760589771350986,3.9375,3.8815,0.05600000000000005
toluene,100ppb,0.33956555555555346,0.008896543162763467,0.3525,0.3235,0.02899999999999997,0.42225833333332996,0.02579827056003738,0.4855,0.3795,0.10599999999999998,1.3812422222222196,0.02819200429506283,1.4465,1.326,0.12049999999999983,0.8593599999999973,0.024258798174866196,0.9145,0.8205,0.09399999999999997,0.9504794444444448,0.028808937072493965,1.017,0.907,0.10999999999999988,0.8341255555555545,0.022821293960349633,0.8705,0.7945,0.07600000000000007,0.7177077777777779,0.002672108105671468,0.724,0.7105,0.013499999999999956,0.865557777777775,0.0037707198775647414,0.8775,0.8595,0.017999999999999905,1.131962222222223,0.0026093242112673713,1.139,1.1265,0.012499999999999956,3.90849333333331,0.0228280762804636,3.9645,3.884,0.08050000000000024
toluene,100ppb,0.3348299999999982,0.009428914748439135,0.3475,0.317,0.03049999999999997,0.33621722222221995,0.01116376992555011,0.3525,0.3125,0.03999999999999998,1.278833888888891,0.007102223156549811,1.299,1.26,0.038999999999999924,0.8083533333333364,0.003606651263060136,0.819,0.792,0.026999999999999913,0.8856405555555558,0.003601075413789968,0.8935,0.8715,0.02199999999999991,0.8997388888888884,0.016260932694614,0.9205,0.868,0.05249999999999999,0.7127133333333332,0.004357183085944916,0.7215,0.7055,0.016000000000000014,0.8571566666666667,0.0026533856778756253,0.862,0.852,0.010000000000000009,1.1242249999999936,0.002830623704337176,1.129,1.118,0.010999999999999899,3.933529999999971,0.02116321992934397,3.967,3.9105,0.05650000000000022
toluene,100ppb,0.3330055555555551,0.009740948631776778,0.3475,0.315,0.03249999999999997,0.395269444444445,0.02966503571775708,0.4675,0.344,0.12350000000000005,1.316971111111111,0.034945644282528075,1.387,1.2575,0.12949999999999995,0.8343627777777792,0.02595503169063232,0.8935,0.792,0.10149999999999992,0.9212983333333327,0.0317092634116769,0.99,0.873,0.11699999999999999,0.773755,0.023767758915995665,0.8095,0.726,0.08350000000000002,0.7162205555555554,0.006661537170138442,0.7285,0.7045,0.02400000000000002,0.8549461111111082,0.00455937817262265,0.8665,0.847,0.019500000000000073,1.1202200000000044,0.0032654657656553104,1.129,1.1145,0.014499999999999957,3.9371677777777623,0.021335577110012306,3.973,3.9145,0.058499999999999996
toluene,100ppb,0.32600833333333196,0.009174704809056975,0.339,0.306,0.03300000000000003,0.4035488888888866,0.025922273753342124,0.466,0.3575,0.10850000000000004,1.2787644444444461,0.02910160480917055,1.354,1.223,0.131,0.8119466666666684,0.022206729210359218,0.8655,0.775,0.09050000000000002,0.8919544444444476,0.026692011543660615,0.9535,0.8495,0.10399999999999998,0.7571077777777735,0.010055708470292198,0.775,0.7435,0.03149999999999997,0.663371666666666,0.005619453067494895,0.675,0.654,0.02100000000000002,0.8824133333333366,0.004160827909069146,0.896,0.875,0.02100000000000002,1.1420477777777789,0.002884141612249033,1.151,1.1365,0.014499999999999957,3.904172222222232,0.02607187300000517,3.941,3.875,0.06599999999999984
toluene,200ppb,0.32373666666666506,0.008902408538018094,0.3365,0.3015,0.03500000000000003,0.37888000000000255,0.01853484825942744,0.4295,0.3455,0.08400000000000002,1.2360849999999999,0.028286858894389623,1.3015,1.178,0.12350000000000017,0.8028788888888889,0.01819536872970358,0.8485,0.769,0.07950000000000002,0.8741594444444438,0.02349186312374331,0.93,0.835,0.09500000000000008,0.7745633333333302,0.01155452725125524,0.792,0.759,0.03300000000000003,0.6599061111111143,0.005194207926879162,0.6715,0.652,0.019499999999999962,0.8817950000000035,0.0035049849421138206,0.891,0.875,0.016000000000000014,1.1405333333333338,0.0031080540535840025,1.1475,1.133,0.014499999999999957,3.884931111111128,0.04063627592419916,3.958,3.842,0.1160000000000001
toluene,200ppb,0.32312333333333143,0.008836999867979325,0.3365,0.304,0.03250000000000003,0.382952222222223,0.017358793658660433,0.427,0.3515,0.07550000000000001,1.2310977777777765,0.024201260195736263,1.2965,1.1815,0.11499999999999999,0.8015022222222232,0.015536837786211875,0.841,0.7725,0.0685,0.8753438888888884,0.022224056445134952,0.93,0.8385,0.09150000000000003,0.728432222222225,0.014413896287015494,0.7505,0.708,0.04249999999999998,0.6620027777777789,0.0027609867510559032,0.669,0.6565,0.012500000000000067,0.8805466666666716,0.003046498901289089,0.8885,0.873,0.015499999999999958,1.1373866666666668,0.0031083114387074847,1.144,1.129,0.014999999999999902,3.880657222222228,0.04086169767310718,3.9385,3.8375,0.10099999999999998
toluene,200ppb,0.32601888888888714,0.008741038515015719,0.338,0.306,0.03200000000000003,0.3945672222222215,0.02039431247119747,0.449,0.3575,0.09150000000000003,1.249483888888887,0.027430913550406548,1.311,1.201,0.10999999999999988,0.8126833333333351,0.0184251413382187,0.858,0.7785,0.07950000000000002,0.8868333333333356,0.023938126261027377,0.9435,0.8485,0.09499999999999997,0.7685777777777807,0.009724885349541574,0.7835,0.7545,0.029000000000000026,0.6701083333333372,0.005703136320384527,0.68,0.6605,0.019500000000000073,0.8862961111111114,0.003448725431049203,0.896,0.88,0.016000000000000014,1.1433222222222172,0.002910623368809826,1.15,1.1365,0.013499999999999845,3.8810105555555805,0.03752312841912325,3.934,3.841,0.09299999999999997
toluene,200ppb,0.32619388888888745,0.008868634893631776,0.339,0.3075,0.03150000000000003,0.39886888888888644,0.02097885255015121,0.4515,0.3575,0.09400000000000003,1.2543961111111122,0.028070457708909115,1.321,1.1925,0.12850000000000006,0.819226666666669,0.021119074053776336,0.8705,0.7725,0.09800000000000009,0.8936416666666689,0.026666483072284638,0.956,0.8495,0.10649999999999993,0.7734777777777688,0.007893390734275802,0.785,0.7615,0.023500000000000076,0.6654044444444454,0.005067684351985409,0.676,0.6565,0.019500000000000073,0.8878700000000022,0.0040262734355453,0.8995,0.88,0.019499999999999962,1.1439411111111069,0.003147729144229582,1.151,1.1375,0.013500000000000068,3.8758188888888876,0.03929835279116383,3.952,3.835,0.11699999999999999
toluene,200ppb,0.324073888888887,0.00883080695877846,0.3365,0.305,0.03150000000000003,0.38985888888888875,0.019281642936248636,0.438,0.3565,0.08150000000000002,1.2282550000000003,0.025206926462118875,1.288,1.179,0.10899999999999999,0.8008566666666678,0.017682194748138935,0.846,0.7665,0.07950000000000002,0.8747800000000001,0.023849107600355367,0.9315,0.836,0.09550000000000003,0.7262033333333368,0.01173661365130507,0.746,0.708,0.038000000000000034,0.6671022222222225,0.0041146885335824595,0.675,0.658,0.017000000000000015,0.8827322222222272,0.00348926378028304,0.8925,0.875,0.01749999999999996,1.1386327777777752,0.0030960338527354424,1.145,1.1305,0.014499999999999957,3.880753333333342,0.040588651123189504,3.9605,3.8385,0.12200000000000033
toluene,50ppb,0.34193277777777703,0.009221664290351863,0.3625,0.3235,0.03899999999999998,0.42754722222221986,0.0341599219855919,0.505,0.3745,0.1305,1.4371005555555525,0.041697317389361326,1.5225,1.35,0.17249999999999988,0.9015377777777813,0.025101022899819882,0.9595,0.863,0.09650000000000003,0.9911972222222221,0.03110663100182914,1.062,0.9485,0.11350000000000005,0.972693888888887,0.006223782021755039,0.984,0.962,0.02200000000000002,0.6977727777777731,0.0024353377715890774,0.7065,0.692,0.014500000000000068,0.8781561111111139,0.00635922919760359,0.8935,0.868,0.025499999999999967,1.144833333333333,0.005795544265496891,1.1595,1.1355,0.02400000000000002,3.9072272222222133,0.008452960234639468,3.946,3.8925,0.0535000000000001
toluene,50ppb,0.33208222222222256,0.009462611546711132,0.3475,0.3135,0.033999999999999975,0.38884611111111356,0.03284302625772232,0.4635,0.338,0.1255,1.3507900000000002,0.03137530539913337,1.432,1.299,0.133,0.8360327777777783,0.026384081544571766,0.8935,0.792,0.10149999999999992,0.9253777777777774,0.03184391718567914,0.995,0.875,0.12,0.7150761111111139,0.024782028353647415,0.757,0.67,0.08699999999999997,0.7037066666666656,0.002091931590128562,0.709,0.698,0.01100000000000001,0.8537949999999945,0.00449875630961863,0.8665,0.847,0.019500000000000073,1.1185811111111132,0.0030797869495016745,1.129,1.1135,0.01550000000000007,3.9222522222222005,0.011804695184335011,3.946,3.907,0.039000000000000146
toluene,50ppb,0.331296666666667,0.009233471118105551,0.3465,0.3135,0.032999999999999974,0.389111111111114,0.031862122913315416,0.465,0.3405,0.1245,1.3522788888888901,0.0306527413834552,1.4245,1.299,0.12550000000000017,0.8381777777777778,0.02517381919454233,0.8935,0.7985,0.09499999999999997,0.9183405555555557,0.03044917203257161,0.9875,0.8715,0.11599999999999999,0.75079111111111,0.019118685708224798,0.78,0.7165,0.0635,0.7056205555555496,0.0019786835472725053,0.7115,0.7005,0.01100000000000001,0.8524044444444356,0.004033027842731462,0.863,0.846,0.017000000000000015,1.117028888888894,0.002639181036459949,1.1245,1.112,0.012499999999999956,3.921827777777769,0.012337625629465391,3.956,3.9055,0.05049999999999999
toluene,50ppb,0.3284866666666659,0.009744390979202114,0.343,0.306,0.03700000000000003,0.40598777777777667,0.03394393851232342,0.481,0.354,0.127,1.314920000000003,0.04064432774419789,1.3955,1.244,0.15149999999999997,0.8467161111111089,0.023635841813015274,0.902,0.803,0.09899999999999998,0.9240955555555551,0.029295625047327144,0.989,0.8765,0.11250000000000004,0.833934444444444,0.00296669142727911,0.841,0.8275,0.013499999999999956,0.6427216666666685,0.007074604621853856,0.653,0.6335,0.019500000000000073,0.8903866666666701,0.005422170537094288,0.9045,0.8815,0.02300000000000002,1.1496755555555498,0.003987656262660549,1.162,1.1425,0.01949999999999985,3.9159449999999643,0.004826492572827226,3.9715,3.908,0.06349999999999989
toluene,50ppb,0.3250594444444431,0.009767893536264755,0.3405,0.3075,0.03300000000000003,0.3891072222222258,0.03436229204384032,0.4675,0.3365,0.131,1.2646816666666683,0.034657018649426025,1.3585,1.201,0.15749999999999997,0.8196011111111144,0.02437921015238847,0.874,0.781,0.09299999999999997,0.8949161111111134,0.03143658372004912,0.967,0.8495,0.11749999999999994,0.7553583333333298,0.009383240822516114,0.7715,0.736,0.035499999999999976,0.6740766666666678,0.0054433659929618355,0.6845,0.6615,0.02300000000000002,0.8815850000000014,0.005787510259170157,0.8995,0.873,0.026499999999999968,1.1410161111111081,0.004074993713545154,1.1525,1.134,0.018500000000000183,3.937455555555535,0.010996172173494606,3.969,3.924,0.04499999999999993
ethyl acetate,100ppb,0.36094277777777806,0.0076260010676599335,0.372,0.344,0.028000000000000025,0.2818611111111087,0.013774559435942774,0.3195,0.26,0.0595,1.4581011111111069,0.01357809915058842,1.4835,1.421,0.0625,1.0052722222222212,0.019273508172721124,1.035,0.957,0.07799999999999996,1.1518927777777774,0.022184038382373376,1.1865,1.0985,0.08800000000000008,0.6745611111111105,0.042654420623956926,0.7335,0.5995,0.134,0.667990555555559,0.005639707411857324,0.681,0.6605,0.020500000000000074,1.1045355555555623,0.003971406443037825,1.1155,1.0925,0.02299999999999991,1.3792016666666604,0.003311620533146207,1.388,1.3695,0.01849999999999996,3.8703216666666806,0.0228875421596795,3.9045,3.842,0.0625
ethyl acetate,100ppb,0.363852777777779,0.007860643390090466,0.376,0.343,0.032999999999999974,0.2920461111111115,0.014413490455082879,0.333,0.2685,0.0645,1.4837416666666712,0.013395114677456918,1.504,1.442,0.062000000000000055,1.033342222222224,0.01847173803876719,1.062,0.9865,0.07550000000000001,1.1842250000000007,0.0223950809951154,1.2245,1.1315,0.09299999999999997,0.7165572222222225,0.039515627050229596,0.7715,0.647,0.12449999999999994,0.6739866666666681,0.006913821904947626,0.6885,0.664,0.024499999999999966,1.113368333333336,0.003996407761978277,1.123,1.1025,0.020499999999999963,1.3876477777777672,0.0034557272197446175,1.3965,1.3785,0.018000000000000016,3.8599005555555443,0.021431061303170386,3.8935,3.8315,0.06199999999999983
ethyl acetate,100ppb,0.3604561111111118,0.007737464154567066,0.372,0.3415,0.03049999999999997,0.2910349999999989,0.014720154267760476,0.332,0.267,0.065,1.4687588888888925,0.014044855874775256,1.4955,1.427,0.0685,1.0242444444444463,0.017097261711300184,1.0525,0.984,0.0685,1.1813594444444475,0.02021217921403447,1.221,1.1355,0.08550000000000013,0.699132777777779,0.04021867149382727,0.7495,0.625,0.12450000000000006,0.6653961111111132,0.0066932832326219984,0.6785,0.652,0.026499999999999968,1.1049566666666735,0.004101938566092853,1.1145,1.095,0.019500000000000073,1.3788616666666542,0.0035609030533778345,1.388,1.371,0.016999999999999904,3.855768333333318,0.021279226894373282,3.885,3.8275,0.05749999999999966
ethyl acetate,100ppb,0.3560594444444451,0.008344064405460264,0.3685,0.3345,0.033999999999999975,0.24308333333333185,0.008279073351260763,0.255,0.2255,0.0295,1.3889611111111166,0.02927558973481128,1.4285,1.3305,0.09800000000000009,0.9655211111111077,0.032459378012951054,1.012,0.9095,0.10250000000000004,1.1201072222222197,0.038028467451744555,1.1745,1.051,0.12350000000000017,0.7062222222222264,0.032632695866357385,0.7505,0.652,0.09849999999999992,0.6460238888888835,0.004010574410077102,0.6565,0.6395,0.017000000000000015,1.0809083333333382,0.00868048177746426,1.0925,1.067,0.025500000000000078,1.3579794444444446,0.0071733588693955515,1.3675,1.3455,0.02200000000000002,3.8546994444444365,0.022473489313268133,3.885,3.825,0.05999999999999961
ethyl acetate,100ppb,0.3588200000000011,0.007713936882177717,0.371,0.3415,0.02949999999999997,0.28945333333333173,0.01739770227485352,0.3345,0.261,0.07350000000000001,1.452266666666665,0.012355138382245882,1.482,1.415,0.06699999999999995,1.0028477777777767,0.016609239247932547,1.0305,0.9605,0.06999999999999995,1.1535166666666676,0.02177356322597554,1.189,1.101,0.08800000000000008,0.6611505555555511,0.040749183355446465,0.7155,0.586,0.12950000000000006,0.6636177777777805,0.007543504605181558,0.6785,0.652,0.026499999999999968,1.097586666666666,0.00456109635942938,1.111,1.089,0.02200000000000002,1.3745116666666712,0.004541429963250694,1.387,1.3675,0.019500000000000073,3.862099444444446,0.022572878261858678,3.9145,3.8315,0.08299999999999974
ethyl acetate,200ppb,0.35573000000000066,0.008218400087608293,0.3695,0.3365,0.032999999999999974,0.28385611111111025,0.011957848022156313,0.3135,0.26,0.05349999999999999,1.4462650000000044,0.037432977847822256,1.4955,1.372,0.12349999999999994,1.0063694444444484,0.04536459595717815,1.0585,0.924,0.13449999999999995,1.1684366666666652,0.05830358660589537,1.238,1.0645,0.1735,0.6051633333333358,0.058180218001195765,0.6735,0.499,0.1745,0.668575555555559,0.009326268887289527,0.686,0.653,0.03300000000000003,1.0934961111111139,0.008914484866334048,1.106,1.074,0.03200000000000003,1.3695477777777822,0.006809466087371444,1.3805,1.354,0.026499999999999968,3.845657222222215,0.041857708742510435,3.908,3.7945,0.11349999999999971
ethyl acetate,200ppb,0.3563388888888898,0.008410551500538486,0.3695,0.3345,0.034999999999999976,0.3083255555555563,0.011441839023815818,0.327,0.2795,0.04749999999999999,1.4516077777777803,0.032108125409060356,1.4965,1.388,0.10850000000000004,1.0100222222222244,0.03823517222482118,1.062,0.9385,0.12350000000000005,1.1646866666666675,0.04628120736925037,1.227,1.078,0.14900000000000002,0.5839911111111087,0.044018530553606175,0.6275,0.505,0.12249999999999994,0.6706611111111107,0.0043702452116416105,0.68,0.663,0.017000000000000015,1.1013083333333367,0.009459456614649937,1.1155,1.084,0.03149999999999986,1.376199999999987,0.007430380579455915,1.3915,1.361,0.03049999999999997,3.8650266666666746,0.03218913481285277,3.9095,3.829,0.0804999999999998
ethyl acetate,200ppb,0.3590800000000007,0.008786652756691075,0.372,0.338,0.033999999999999975,0.2622127777777766,0.018550591576537438,0.283,0.228,0.054999999999999966,1.4558172222222237,0.054892477556437135,1.526,1.361,0.16500000000000004,1.0267149999999967,0.054779884259136935,1.089,0.94,0.14900000000000002,1.189752222222224,0.06717685816439693,1.2695,1.0875,0.18200000000000016,0.7156933333333348,0.03816371691658031,0.7605,0.658,0.10249999999999992,0.6497788888888898,0.003933262554290973,0.659,0.643,0.016000000000000014,1.097095555555558,0.015596359340928186,1.1135,1.074,0.03949999999999987,1.3714788888888876,0.012541336048306213,1.387,1.3525,0.034499999999999975,3.8272250000000105,0.03457156325813321,3.89,3.786,0.10400000000000009
ethyl acetate,200ppb,0.3604283333333339,0.008390048834449316,0.3735,0.3415,0.03199999999999997,0.30327111111111327,0.011617962571853482,0.3295,0.2745,0.05499999999999999,1.488590000000003,0.03988600018942861,1.538,1.415,0.123,1.0406216666666657,0.04673670847892955,1.101,0.9595,0.14149999999999996,1.1975661111111109,0.05672694163357297,1.2635,1.0915,0.17200000000000015,0.6449211111111075,0.0549019418690055,0.714,0.5515,0.16249999999999998,0.6630361111111124,0.004613455729215597,0.6725,0.654,0.01849999999999996,1.1081116666666686,0.009819681342419763,1.122,1.0865,0.03550000000000009,1.3824049999999906,0.007563812053308689,1.393,1.365,0.028000000000000025,3.8396349999999964,0.03978073720757035,3.8995,3.792,0.10750000000000037
ethyl acetate,200ppb,0.35916222222222316,0.008037468890940709,0.372,0.339,0.032999999999999974,0.29751444444444697,0.01198273351406661,0.3295,0.2685,0.061,1.4809850000000009,0.035537437966491274,1.525,1.4075,0.11749999999999994,1.033723888888886,0.0429985353289165,1.089,0.956,0.133,1.200821666666667,0.055234893636179026,1.2685,1.101,0.16749999999999998,0.6378849999999968,0.05175074714973254,0.7005,0.548,0.15249999999999997,0.6580394444444457,0.005806591055977544,0.67,0.648,0.02200000000000002,1.103741111111117,0.008888268103322656,1.1155,1.084,0.03149999999999986,1.378537222222215,0.006775569107344007,1.3905,1.3625,0.028000000000000025,3.833560555555553,0.03878688853096594,3.923,3.786,0.137
ethyl acetate,50ppb,0.3669816666666682,0.006509817159064026,0.377,0.344,0.03300000000000003,0.25924444444444417,0.013286071328952879,0.2915,0.238,0.05349999999999999,1.445523888888891,0.009688695382241947,1.4745,1.426,0.04849999999999999,1.0147472222222222,0.007869649367846059,1.035,0.991,0.04399999999999993,1.1876705555555587,0.010728625764862398,1.2135,1.156,0.05750000000000011,0.7340177777777759,0.02241928028271784,0.764,0.692,0.07200000000000006,0.6696927777777795,0.006925540737456759,0.687,0.659,0.028000000000000025,1.110832777777781,0.005502280643874059,1.1255,1.1,0.025499999999999856,1.386641666666662,0.00591036636390296,1.4015,1.376,0.025500000000000078,3.8837099999999976,0.017349425542843383,3.9215,3.8595,0.06199999999999983
ethyl acetate,50ppb,0.3656072222222241,0.007630014056748081,0.3785,0.349,0.029500000000000026,0.27487388888888664,0.019481699001566842,0.3235,0.245,0.07850000000000001,1.475382777777776,0.01833935910232282,1.527,1.438,0.08899999999999997,1.0243288888888902,0.008628096795990858,1.05,1.001,0.049000000000000155,1.1918983333333366,0.011640062404376443,1.223,1.161,0.062000000000000055,0.6918783333333361,0.03047073144839162,0.736,0.6345,0.10150000000000003,0.6909211111111062,0.009595537092772097,0.7105,0.675,0.035499999999999976,1.117212777777783,0.007310646958417369,1.139,1.105,0.03400000000000003,1.392447222222218,0.0070510632023795036,1.41,1.3805,0.02949999999999986,3.867286666666674,0.012771584779414626,3.8935,3.8495,0.04400000000000004
ethyl acetate,50ppb,0.3663533333333351,0.007595074427255848,0.377,0.35,0.027000000000000024,0.28465777777777496,0.022890308370224197,0.339,0.2515,0.08750000000000002,1.4812683333333356,0.016669714637962792,1.5335,1.444,0.08950000000000014,1.0176133333333315,0.009768625514597491,1.045,0.995,0.04999999999999993,1.1835077777777792,0.01433619915364038,1.2195,1.1415,0.07800000000000007,0.6763061111111113,0.03917772774859729,0.7335,0.604,0.12950000000000006,0.6971311111111086,0.006744053256090747,0.709,0.6845,0.024499999999999966,1.1187772222222274,0.007571663772510727,1.14,1.107,0.03299999999999992,1.3938705555555504,0.0070365450583382665,1.4135,1.383,0.03049999999999997,3.86744777777778,0.008911636933779613,3.8925,3.8545,0.038000000000000256
ethyl acetate,50ppb,0.3638427777777793,0.007730351656192323,0.376,0.3475,0.028500000000000025,0.27545333333333166,0.021683212656594814,0.327,0.244,0.08300000000000002,1.4721188888888863,0.019587262836652266,1.5295,1.4345,0.09499999999999997,1.0033099999999955,0.009349985739739572,1.0305,0.9825,0.04799999999999993,1.1639122222222211,0.010263612400425748,1.1925,1.1355,0.05699999999999994,0.6709883333333295,0.03266106461318531,0.7175,0.608,0.10950000000000004,0.6826061111111099,0.009476791322247819,0.6995,0.6675,0.03200000000000003,1.1111583333333377,0.007397423537962434,1.133,1.0985,0.034499999999999975,1.3870149999999937,0.00709425021486494,1.4065,1.376,0.030500000000000194,3.8669561111111124,0.013810725155508189,3.897,3.8485,0.048499999999999766
ethyl acetate,50ppb,0.35195055555555504,0.007922404918416979,0.3635,0.3355,0.02799999999999997,0.21712055555555865,0.003113977399871998,0.222,0.2085,0.013500000000000012,1.353012222222225,0.011473780039510158,1.3745,1.3235,0.051000000000000156,0.9247850000000012,0.015844247028145207,0.9535,0.8925,0.061000000000000054,1.0675000000000012,0.02203845124624986,1.107,1.0195,0.08749999999999991,0.6557166666666635,0.02838948846942387,0.6995,0.6105,0.08899999999999997,0.6542688888888893,0.004150023947573343,0.6665,0.648,0.01849999999999996,1.0715461111111144,0.005044946469145452,1.0805,1.063,0.01750000000000007,1.3483416666666637,0.004351779648731222,1.3575,1.3405,0.016999999999999904,3.882019999999997,0.01368884947685529,3.9155,3.863,0.05250000000000021
isopropanol,100ppb,0.3499894444444437,0.008300110422439626,0.3625,0.3295,0.032999999999999974,0.29386777777778134,0.005831596461000271,0.305,0.278,0.02699999999999997,1.3620622222222207,0.016285525801068974,1.3905,1.3245,0.06600000000000006,0.961887222222222,0.024934933171836468,0.996,0.913,0.08299999999999996,1.1035888888888907,0.026036073028885033,1.1425,1.051,0.09150000000000014,0.5965777777777753,0.03314685430953108,0.6275,0.527,0.10049999999999992,0.6551916666666683,0.004963442745603995,0.664,0.642,0.02200000000000002,1.0771494444444376,0.009688891102828476,1.089,1.061,0.028000000000000025,1.3539383333333435,0.007624472841522311,1.365,1.3405,0.024499999999999966,3.9098700000000055,0.0219640815373141,3.951,3.8775,0.07350000000000012
isopropanol,100ppb,0.34934333333333306,0.009098956594638241,0.3635,0.332,0.03149999999999997,0.2842811111111089,0.015131346377962443,0.326,0.2575,0.0685,1.3721444444444437,0.01013611377546326,1.4015,1.344,0.057499999999999885,0.9696194444444426,0.019258819328130724,1.0035,0.9275,0.07600000000000007,1.1034544444444472,0.017127224339636777,1.1365,1.0485,0.08800000000000008,0.585971111111111,0.034455667956389754,0.6235,0.52,0.10350000000000004,0.653115555555561,0.005743932278908881,0.664,0.641,0.02300000000000002,1.0790633333333284,0.0058955152446584225,1.09,1.0655,0.02450000000000019,1.3562111111111024,0.00491102941108511,1.365,1.3465,0.01849999999999996,3.8993838888889,0.022171756718574548,3.951,3.862,0.08899999999999997
isopropanol,100ppb,0.34288055555555413,0.008939855189121874,0.3565,0.326,0.03049999999999997,0.2676488888888874,0.017275160359084874,0.3135,0.239,0.07450000000000001,1.3314477777777785,0.013372797661071169,1.382,1.304,0.07799999999999985,0.9228644444444445,0.019808667076762695,0.951,0.869,0.08199999999999996,1.0647377777777778,0.029791089561879865,1.1095,1.0085,0.10099999999999998,0.5057666666666687,0.050981636127356934,0.5675,0.4065,0.16100000000000003,0.6484494444444404,0.00779351223933674,0.664,0.632,0.03200000000000003,1.0629383333333315,0.006877324051628769,1.074,1.0475,0.026499999999999968,1.3409477777777725,0.005224945034857672,1.3515,1.328,0.023499999999999854,3.892422777777777,0.030757959819922236,3.946,3.8485,0.09750000000000014
isopropanol,100ppb,0.3384199999999979,0.009268899011688952,0.3525,0.3195,0.032999999999999974,0.2667355555555541,0.017116936454291284,0.3135,0.239,0.07450000000000001,1.3100833333333348,0.010343368782837509,1.343,1.283,0.06000000000000005,0.9060005555555546,0.021821631717231095,0.9365,0.863,0.07350000000000001,1.042783888888887,0.024484353652188456,1.079,0.98,0.09899999999999998,0.471641111111109,0.05953687073186845,0.5445,0.35,0.1945,0.6535577777777798,0.008809212069416383,0.6715,0.637,0.034499999999999975,1.0544816666666643,0.007341166082063844,1.0655,1.039,0.026499999999999968,1.3321688888889065,0.0053800897234245635,1.3415,1.3195,0.02200000000000002,3.9016822222222136,0.030339122443097808,3.941,3.8605,0.0804999999999998
isopropanol,100ppb,0.3443994444444451,0.00946764371262118,0.3585,0.326,0.03249999999999997,0.306276111111114,0.009445671341877506,0.332,0.289,0.04300000000000004,1.3467722222222236,0.010082620115578157,1.372,1.317,0.05500000000000016,0.9458877777777818,0.020418120099437647,0.9755,0.9035,0.07200000000000006,1.0970850000000028,0.023274610570796307,1.1355,1.0485,0.08699999999999997,0.48688833333332954,0.047086604930583954,0.5445,0.3915,0.15299999999999997,0.657388888888889,0.002205394620492848,0.664,0.6505,0.013500000000000068,1.075148888888882,0.007875598664291345,1.0865,1.061,0.025500000000000078,1.351955000000003,0.005931266259783372,1.361,1.3405,0.020499999999999963,3.9072388888889082,0.023767102354325664,3.941,3.88,0.06099999999999994
isopropanol,200ppb,0.3455372222222218,0.009905862633116446,0.361,0.3235,0.03749999999999998,0.2974822222222246,0.013015320696759867,0.3295,0.2695,0.06,1.370659999999991,0.026923532870376108,1.409,1.306,0.10299999999999998,0.9703177777777756,0.04996935856163987,1.0265,0.89,0.13649999999999995,1.1268027777777807,0.05846038775725307,1.1965,1.0305,0.16599999999999993,0.513670000000002,0.06658667275730855,0.5905,0.3915,0.199,0.6582038888888937,0.008218295064393368,0.675,0.6445,0.030500000000000083,1.0819572222222247,0.01802604914670725,1.1025,1.05,0.05249999999999999,1.355308888888889,0.0136845869863746,1.372,1.3305,0.04150000000000009,3.870418333333335,0.04867954450051665,3.9375,3.8105,0.12699999999999978
isopropanol,200ppb,0.36126944444444636,0.009782944894175194,0.376,0.3405,0.035499999999999976,0.3048044444444468,0.012859759900221987,0.338,0.2795,0.058499999999999996,1.366589444444433,0.027862381044503958,1.399,1.311,0.08800000000000008,0.9621811111111057,0.040732371495584604,1.0045,0.8885,0.11599999999999999,1.0457199999999964,0.0391094822261813,1.0865,0.9715,0.11499999999999999,0.6214133333333326,0.04341790132601471,0.6715,0.553,0.11849999999999994,0.6747222222222257,0.01600763899433141,0.7065,0.6505,0.05600000000000005,1.0837927777777792,0.015951910476162647,1.1025,1.056,0.046499999999999986,1.3652294444444513,0.011952283357967093,1.3805,1.343,0.03750000000000009,3.9245738888888946,0.04178052226136135,3.98,3.874,0.10599999999999987
isopropanol,200ppb,0.3450877777777769,0.009860531062752417,0.36,0.3245,0.035499999999999976,0.30587944444444654,0.012542557320411327,0.3365,0.277,0.0595,1.362539999999992,0.02942415032285923,1.404,1.2965,0.10749999999999993,0.9793500000000004,0.04902630529737181,1.0375,0.8935,0.14400000000000013,1.111193333333332,0.05592057224313791,1.177,1.018,0.15900000000000003,0.557337777777774,0.06008219661944196,0.63,0.449,0.181,0.6243188888888822,0.00230686870234878,0.6335,0.62,0.013499999999999956,1.0875627777777774,0.01787340367559065,1.1085,1.057,0.0515000000000001,1.362790555555557,0.013144296174142575,1.3795,1.338,0.04149999999999987,3.8857222222222254,0.0492735285653864,3.956,3.8265,0.12950000000000017
isopropanol,200ppb,0.3490072222222222,0.00998213421043122,0.365,0.328,0.03699999999999998,0.31111666666666776,0.012431467688446511,0.3415,0.2855,0.05600000000000005,1.3803483333333357,0.027047171704675865,1.416,1.321,0.09499999999999997,0.9917461111111149,0.05074015215223644,1.051,0.902,0.1489999999999999,1.1493755555555565,0.06706138615910248,1.227,1.035,0.19200000000000017,0.5607694444444407,0.05959621454908238,0.6345,0.4565,0.17799999999999994,0.6365788888888895,0.004595093867846549,0.647,0.63,0.017000000000000015,1.0986705555555598,0.017736295796480374,1.1195,1.068,0.05149999999999988,1.3729633333333275,0.013334720344524138,1.389,1.3475,0.04150000000000009,3.868146111111101,0.05210478263811729,3.951,3.8055,0.14550000000000018
isopropanol,200ppb,0.3453227777777776,0.01024437423150196,0.361,0.3235,0.03749999999999998,0.31400388888888897,0.012526870514080614,0.344,0.284,0.06,1.3822255555555578,0.030016573426140964,1.422,1.3185,0.10349999999999993,0.999687222222224,0.052448251777406016,1.061,0.9155,0.14549999999999996,1.1584749999999984,0.06575873146502206,1.2355,1.05,0.1855,0.5949100000000024,0.06118726456089072,0.6675,0.4795,0.188,0.630020555555548,0.0048227320199034866,0.6395,0.621,0.01849999999999996,1.0927677777777818,0.018631975667758607,1.1155,1.062,0.05349999999999988,1.3651488888888865,0.01432218748379549,1.382,1.3405,0.04149999999999987,3.8625161111111006,0.05041425081141769,3.93,3.8005,0.12950000000000017
isopropanol,50ppb,0.35501222222222195,0.007799669904379528,0.3685,0.3355,0.032999999999999974,0.2817822222222202,0.022440596039706325,0.3345,0.2475,0.08700000000000002,1.4299872222222287,0.011785518564726162,1.465,1.4025,0.0625,0.9814711111111082,0.011994176776386532,1.006,0.947,0.05900000000000005,1.0490283333333348,0.00885356346964945,1.0705,1.018,0.05249999999999999,0.6474900000000006,0.024634255959266695,0.6845,0.6105,0.07399999999999995,0.6383133333333377,0.005267472512189016,0.654,0.632,0.02200000000000002,1.09263444444445,0.0039541444112085235,1.107,1.085,0.02200000000000002,1.3673822222222234,0.004173596311676458,1.3805,1.3585,0.02200000000000002,3.8488233333333266,0.012470249485163579,3.879,3.83,0.04899999999999993
isopropanol,50ppb,0.3575605555555548,0.007700826053975007,0.3675,0.3415,0.025999999999999968,0.28327944444444186,0.02188974822763243,0.3365,0.25,0.08650000000000002,1.451417222222224,0.018920846324022737,1.499,1.399,0.10000000000000009,1.0153583333333327,0.013258694736327235,1.0425,0.98,0.0625,1.0881588888888891,0.009090579916038176,1.1135,1.062,0.05149999999999988,0.6373500000000043,0.026847610073648356,0.67,0.5885,0.08150000000000002,0.6566905555555597,0.002213988287187284,0.6615,0.652,0.009499999999999953,1.096857777777782,0.005545848853527551,1.1145,1.085,0.02950000000000008,1.3715677777777822,0.004579163625180105,1.3845,1.3635,0.02100000000000013,3.8464861111111026,0.009871343282951792,3.863,3.829,0.03399999999999981
isopropanol,50ppb,0.3562016666666663,0.007617862597576548,0.3685,0.3415,0.02699999999999997,0.2749838888888868,0.019797531170125695,0.3235,0.245,0.07850000000000001,1.3971527777777748,0.018392970971891357,1.4525,1.361,0.09149999999999991,0.973587777777778,0.008701217383252585,0.996,0.945,0.051000000000000045,1.1303894444444436,0.015998411369821237,1.1645,1.078,0.08650000000000002,0.6258183333333368,0.02613095328235168,0.664,0.5785,0.08550000000000002,0.6524855555555565,0.006214169491503766,0.665,0.642,0.02300000000000002,1.0858227777777743,0.0038073734101018815,1.0975,1.078,0.01949999999999985,1.365368888888889,0.0038310904871834634,1.377,1.3585,0.01849999999999996,3.8646105555555614,0.018323080457967083,3.8925,3.84,0.05250000000000021
isopropanol,50ppb,0.3555205555555548,0.007591579379097316,0.3675,0.339,0.02849999999999997,0.28463999999999756,0.02246268164460039,0.338,0.2515,0.08650000000000002,1.405818888888889,0.016747669121034557,1.455,1.376,0.07900000000000018,0.983574999999999,0.008943382873511665,1.007,0.962,0.04499999999999993,1.1284461111111126,0.016761633982563647,1.173,1.078,0.09499999999999997,0.6322127777777803,0.03277137984169114,0.675,0.5735,0.10150000000000003,0.6566611111111123,0.003587267435572787,0.665,0.647,0.018000000000000016,1.0857899999999956,0.004489965354976484,1.0985,1.079,0.019500000000000073,1.3649955555555522,0.004766839416709069,1.3795,1.3575,0.02200000000000002,3.877030555555569,0.007154439936324061,3.891,3.8595,0.03149999999999986
isopropanol,50ppb,0.34982444444444283,0.007907328683795832,0.36,0.333,0.02699999999999997,0.2728266666666652,0.02031952974084022,0.322,0.2425,0.07950000000000002,1.3998472222222158,0.01697500590919734,1.4525,1.365,0.08749999999999991,0.9740016666666659,0.009628934837826618,0.996,0.9385,0.057499999999999996,1.105229444444446,0.010733999447354314,1.1365,1.079,0.05750000000000011,0.6411627777777771,0.035426424586043385,0.691,0.576,0.11499999999999999,0.6680016666666686,0.008810520699708968,0.6845,0.652,0.03249999999999997,1.0748811111111074,0.003441217305432782,1.084,1.067,0.017000000000000126,1.351786111111113,0.0031769266051202448,1.361,1.3455,0.01550000000000007,3.8917233333333505,0.009751444907180593,3.9095,3.874,0.035499999999999865
hexane,100ppb,0.3800305555555568,0.008713999574262509,0.393,0.361,0.03200000000000003,0.39939277777777626,0.01480643265069296,0.4405,0.3785,0.062,1.5961888888888895,0.023476084494861542,1.641,1.548,0.09299999999999997,1.1729127777777795,0.029568308918231173,1.227,1.112,0.11499999999999999,1.331003888888889,0.03467441798580509,1.3905,1.2625,0.1280000000000001,0.7655077777777752,0.06494378719370877,0.857,0.637,0.21999999999999997,0.6813627777777751,0.002156592748747567,0.687,0.6775,0.009500000000000064,1.1887216666666718,0.009940463185049847,1.2,1.173,0.026999999999999913,1.4609888888888645,0.007682801058127538,1.47,1.448,0.02200000000000002,3.807469444444443,0.024743111493060535,3.851,3.7725,0.07850000000000001
hexane,100ppb,0.3757227777777786,0.008553529684389265,0.389,0.3585,0.030500000000000027,0.3736283333333355,0.030222865286254823,0.444,0.3305,0.11349999999999999,1.5254455555555566,0.01901577801669569,1.5775,1.4895,0.08799999999999986,1.1004850000000024,0.010522174864964456,1.1355,1.063,0.07250000000000001,1.2517561111111106,0.011118463942114437,1.2805,1.2135,0.06699999999999995,0.6746961111111077,0.02923407707888716,0.72,0.614,0.10599999999999998,0.6888811111111108,0.0029772804311035024,0.697,0.6835,0.013499999999999956,1.1683338888888941,0.0048766924570848086,1.177,1.156,0.02100000000000013,1.444307777777771,0.004584120605786346,1.4575,1.433,0.024499999999999966,3.833713333333331,0.013886585853501393,3.864,3.8155,0.048499999999999766
hexane,100ppb,0.37523833333333445,0.008333841817819942,0.388,0.3585,0.029500000000000026,0.37161388888889035,0.03425183817271529,0.4465,0.321,0.1255,1.500471111111118,0.01856233488931843,1.547,1.455,0.09199999999999986,1.076459444444441,0.009118526301633416,1.101,1.0475,0.05349999999999988,1.2226822222222204,0.011589608159206696,1.2575,1.195,0.0625,0.6583933333333313,0.03110963159180416,0.7065,0.593,0.11350000000000005,0.6886033333333321,0.004712676757663571,0.698,0.68,0.017999999999999905,1.1636305555555557,0.005496959737711829,1.177,1.1535,0.023500000000000076,1.4399777777777834,0.0053280239776273925,1.4525,1.431,0.021499999999999853,3.852058888888886,0.0156853923157429,3.884,3.83,0.053999999999999826
hexane,100ppb,0.313151666666668,0.009662818055711198,0.327,0.294,0.03300000000000003,0.24210944444444793,0.021247025143985132,0.294,0.212,0.08199999999999999,1.1611949999999982,0.006353347980046065,1.184,1.145,0.038999999999999924,0.8065850000000023,0.012696642053883538,0.8315,0.7775,0.05400000000000005,0.9436811111111136,0.019220705816872744,0.991,0.8995,0.09150000000000003,0.44760111111111184,0.06409032080577874,0.5335,0.306,0.22749999999999998,0.594245,0.003899462569807957,0.604,0.5885,0.015499999999999958,1.0178305555555587,0.007673649698243823,1.028,1.0045,0.023500000000000076,1.2895961111111132,0.006931364815812024,1.299,1.277,0.02200000000000002,3.9319372222222135,0.03106547213468067,3.9815,3.89,0.09149999999999991
hexane,100ppb,0.3105533333333354,0.009466721830825166,0.3235,0.293,0.030500000000000027,0.2468994444444471,0.023183283003113956,0.3015,0.2145,0.087,1.15288944444444,0.006975771540141395,1.183,1.1305,0.05249999999999999,0.8090483333333341,0.012580657441750265,0.836,0.7785,0.057499999999999996,0.9412738888888907,0.01748463568040646,0.9825,0.9045,0.07800000000000007,0.47391111111111006,0.07063496449971872,0.565,0.3135,0.25149999999999995,0.5883722222222251,0.00570937879044995,0.6005,0.5795,0.02100000000000002,1.0100266666666657,0.00714367319147977,1.0195,0.9975,0.02200000000000002,1.281080000000008,0.0064383607299442844,1.2905,1.2685,0.02200000000000002,3.929129444444431,0.029766707161641447,3.991,3.886,0.10499999999999998
hexane,200ppb,0.31984222222222086,0.009890264323821793,0.3345,0.299,0.03550000000000003,0.2605099999999993,0.015545056734823716,0.3015,0.238,0.0635,1.19664111111111,0.02123812292628752,1.2315,1.1535,0.07800000000000007,0.8509650000000016,0.024876799711556315,0.891,0.802,0.08899999999999997,0.9722255555555528,0.03356102587860937,1.024,0.9095,0.11450000000000005,0.570373888888887,0.05745819675003247,0.6455,0.444,0.20149999999999996,0.5656022222222261,0.003780446116466454,0.5785,0.56,0.01849999999999996,1.0327666666666755,0.017148177745754813,1.0525,1.0085,0.04400000000000004,1.3047127777777863,0.014681280713720513,1.3195,1.283,0.03649999999999998,3.9213544444444466,0.0371082340701153,3.9815,3.873,0.10849999999999982
hexane,200ppb,0.3372138888888869,0.009724972230116775,0.3515,0.316,0.035499999999999976,0.31750500000000204,0.021674940151141277,0.3695,0.2865,0.08300000000000002,1.3305683333333367,0.009147467621636528,1.354,1.2975,0.056499999999999995,0.9539077777777797,0.010758941787883305,0.973,0.9215,0.05149999999999999,1.0998238888888932,0.022276702737984877,1.1355,1.0435,0.09199999999999986,0.6396583333333339,0.03089454621953711,0.6885,0.575,0.11350000000000005,0.6002166666666666,0.0019142013129936615,0.6055,0.5945,0.01100000000000001,1.084836666666672,0.0121102798389541,1.101,1.062,0.038999999999999924,1.3556049999999975,0.01109843970515179,1.3695,1.3345,0.03499999999999992,3.8724988888888943,0.029912260564837954,3.929,3.835,0.09399999999999986
hexane,200ppb,0.3484372222222213,0.009492289447262832,0.3635,0.326,0.03749999999999998,0.36039611111111025,0.025231671816475405,0.422,0.322,0.09999999999999998,1.395928333333329,0.010808079668058987,1.426,1.3635,0.0625,1.014712777777776,0.009783092163725651,1.035,0.9825,0.05249999999999988,1.18305055555556,0.015152739016143522,1.2195,1.133,0.08650000000000002,0.659794999999996,0.028673302090582033,0.7005,0.6005,0.09999999999999998,0.6249494444444423,0.0013625750630585655,0.631,0.621,0.010000000000000009,1.1137594444444463,0.010449517252125496,1.128,1.0925,0.035499999999999865,1.38489111111109,0.009632400698158088,1.398,1.3635,0.034499999999999975,3.8443388888889007,0.024988133603525826,3.88,3.8115,0.06849999999999978
hexane,200ppb,0.35307944444444417,0.009718514388196361,0.3685,0.332,0.03649999999999998,0.37130555555555905,0.025174093213774482,0.433,0.3345,0.09849999999999998,1.4213166666666732,0.01035193218679489,1.4515,1.3785,0.07299999999999995,1.034287222222226,0.009017760442319455,1.0585,1.0045,0.05400000000000005,1.2096683333333296,0.012469507140754727,1.238,1.1755,0.0625,0.6879288888888905,0.023963199769852863,0.726,0.641,0.08499999999999996,0.629957777777768,0.00156379010937304,0.636,0.626,0.010000000000000009,1.1229066666666683,0.010436775789911748,1.1365,1.101,0.03550000000000009,1.3947122222222157,0.009560565159698445,1.4075,1.3745,0.03299999999999992,3.833422222222187,0.02265102537673035,3.8775,3.8055,0.07200000000000006
hexane,200ppb,0.36898500000000106,0.009142668434932513,0.3845,0.349,0.03550000000000003,0.4323449999999992,0.03314613480902077,0.51,0.383,0.127,1.5039388888888925,0.01512105371434471,1.5555,1.4735,0.08200000000000007,1.101866666666669,0.008774077982582795,1.129,1.0765,0.05249999999999999,1.283710555555555,0.012133944568954853,1.316,1.2465,0.06950000000000012,0.7122750000000037,0.017509733404278038,0.7435,0.6845,0.05900000000000005,0.6603105555555562,0.0021252319408641236,0.6665,0.6555,0.01100000000000001,1.1627261111111107,0.00795317800832469,1.1755,1.144,0.031500000000000083,1.432809444444448,0.007375979763335537,1.4455,1.415,0.03049999999999997,3.8200183333333357,0.02182712246266102,3.852,3.7945,0.05749999999999966
hexane,50ppb,0.33991222222222,0.008873654236343254,0.3525,0.321,0.03149999999999997,0.2991072222222211,0.02598789040763997,0.3585,0.2635,0.09499999999999997,1.3487016666666707,0.01470410553024036,1.388,1.321,0.06699999999999995,0.9596877777777804,0.007091800081436424,0.98,0.941,0.039000000000000035,1.0973255555555572,0.007535074446452451,1.118,1.0755,0.042500000000000204,0.6502211111111101,0.023807025081052757,0.6835,0.5995,0.08399999999999996,0.6195749999999993,0.007930194582172003,0.6395,0.608,0.03149999999999997,1.0738627777777756,0.0030707044171140864,1.0815,1.067,0.014499999999999957,1.3502816666666773,0.003146576181608646,1.3585,1.343,0.01550000000000007,3.9012200000000066,0.015358455506839107,3.9365,3.8775,0.05900000000000016
hexane,50ppb,0.34439333333333133,0.008790762828737387,0.3565,0.327,0.02949999999999997,0.332598888888889,0.027954371530304938,0.394,0.293,0.10100000000000003,1.4032511111111095,0.024036367096753112,1.4635,1.36,0.10349999999999993,1.006468333333328,0.01184435390574112,1.0415,0.9765,0.06500000000000006,1.1601049999999982,0.010355826459856643,1.19,1.1355,0.05449999999999999,0.6606538888888858,0.017263028458043242,0.6895,0.6235,0.06599999999999995,0.6244672222222181,0.0033402899168178445,0.6335,0.619,0.014499999999999957,1.0915105555555602,0.004609549233472025,1.1035,1.083,0.020499999999999963,1.3658611111111087,0.004306279509028224,1.3785,1.3585,0.020000000000000018,3.8761649999999883,0.013649857447363063,3.9055,3.8545,0.051000000000000156
hexane,50ppb,0.3489916666666661,0.008963269957628929,0.3635,0.332,0.03149999999999997,0.35625444444444176,0.0372202040746424,0.437,0.3025,0.1345,1.4223761111111102,0.03190922779087395,1.499,1.3675,0.13150000000000017,1.022628888888887,0.01731911432457369,1.067,0.989,0.07799999999999996,1.1987483333333357,0.018009218241408127,1.2475,1.162,0.08550000000000013,0.6222894444444448,0.016547317665216284,0.6495,0.5895,0.05999999999999994,0.6468822222222211,0.005334168221689701,0.659,0.6395,0.019500000000000073,1.105764444444446,0.009120798102397114,1.128,1.09,0.03799999999999981,1.3799766666666728,0.008196070196543333,1.4015,1.366,0.035499999999999865,3.860314999999996,0.00995310936899178,3.884,3.8445,0.03949999999999987
hexane,50ppb,0.3488027777777774,0.008838630050683152,0.361,0.333,0.02799999999999997,0.37010444444444557,0.034072116038749704,0.4455,0.3235,0.122,1.4147233333333284,0.026342163287525783,1.4785,1.3735,0.10499999999999998,1.0146438888888831,0.013005836996812405,1.0535,0.9865,0.06700000000000006,1.1835788888888914,0.015335593995991017,1.2255,1.1475,0.07800000000000007,0.602753888888886,0.021504824688347152,0.6385,0.5615,0.07699999999999996,0.6539038888888902,0.0024550257724125506,0.6605,0.6495,0.01100000000000001,1.1064127777777761,0.00622815320010279,1.1245,1.0975,0.027000000000000135,1.3800916666666496,0.005569329452955325,1.3965,1.372,0.024499999999999966,3.864126111111121,0.01025429104699797,3.8985,3.8485,0.04999999999999982
hexane,50ppb,0.38505944444444484,0.008706292087541064,0.398,0.3695,0.028500000000000025,0.3355294444444435,0.029289815630887034,0.4015,0.295,0.10650000000000004,1.437276666666675,0.02062065065252142,1.4845,1.4065,0.07799999999999985,1.0036005555555512,0.014365028898227512,1.04,0.974,0.06600000000000006,1.0971716666666675,0.017875269306440664,1.1425,1.0705,0.07200000000000006,0.6634027777777749,0.01692935461969847,0.6935,0.6345,0.05900000000000005,0.7282666666666674,0.01665704722398969,0.7655,0.7045,0.06099999999999994,1.1338894444444465,0.004946968737657237,1.1475,1.1255,0.02200000000000002,1.4209849999999993,0.004501795629400459,1.4345,1.4135,0.02100000000000013,3.9118311111110824,0.010411576296971255,3.9375,3.896,0.04150000000000009
